<?xml version="1.0" encoding="UTF-8"?>
<!DOCTYPE mapper
		PUBLIC "-//mybatis.org//DTD Mapper 3.0//EN"
		"http://mybatis.org/dtd/mybatis-3-mapper.dtd">

<mapper namespace="com.spring.boot.mapper.BoardMapper">

	<select id="maxNum" resultType="int">
		SELECT IFNULL(MAX(num), 0) FROM board
	</select>

	<insert id="insertData" parameterType="com.spring.boot.dto.BoardDTO">
		INSERT INTO board (num, name, pwd, email, subject, content, ipAddr,
		hitCount, created) VALUES (#{num}, #{name}, #{pwd}, #{email}, #{subject},
		#{content}, #{ipAddr}, 0, NOW())
	</insert>

	<select id="getDataCount" parameterType="hashMap" resultType="int">
		SELECT IFNULL(COUNT(*), 0) FROM board
		WHERE ${searchKey} LIKE CONCAT('%', #{searchValue}, '%')
	</select>

	<select id="getLists" parameterType="map" resultType="com.spring.boot.dto.BoardDTO">
		SELECT * FROM (
		SELECT ROW_NUMBER() OVER (ORDER BY num DESC) AS rnum,
		num, name, subject, hitCount, DATE_FORMAT(created, '%Y-%m-%d') AS created
		FROM board WHERE ${searchKey} LIKE CONCAT('%', #{searchValue}, '%')
		) data
		<![CDATA[
    WHERE rnum BETWEEN #{start} AND #{end}
    ]]>
	</select>

	<update id="updateHitCount" parameterType="int">
		UPDATE board SET hitCount = hitCount + 1 WHERE num = #{num}
	</update>

	<select id="getReadData" parameterType="int" resultType="com.spring.boot.dto.BoardDTO">
		SELECT num, name, pwd, email, subject, content, ipAddr,
		hitCount, DATE_FORMAT(created, '%Y-%m-%d %H:%i:%s') AS created
		FROM board WHERE num = #{num}
	</select>

	<update id="updateData" parameterType="com.spring.boot.dto.BoardDTO">
		UPDATE board SET name = #{name}, pwd = #{pwd}, email = #{email},
		subject = #{subject}, content = #{content} WHERE num = #{num}
	</update>

	<delete id="deleteData" parameterType="int">
		DELETE FROM board WHERE num = #{num}
	</delete>

</mapper>
